Binary_Optimization,Single_Sampling,Binary_Sampling,Total_Runtime
13.148496627807617,2.231849193572998,29.63564944267273,73.48699259757996
