Binary_Optimization,Single_Sampling,Binary_Sampling,Total_Runtime
0.08436322212219238,2.604207754135132,33.58666777610779,65.90905284881592
